-- MySQL dump 10.13  Distrib 5.7.19, for Win64 (x86_64)
--
-- Host: localhost    Database: table_base
-- ------------------------------------------------------
-- Server version	5.7.19-log

/*!40101 SET @OLD_CHARACTER_SET_CLIENT=@@CHARACTER_SET_CLIENT */;
/*!40101 SET @OLD_CHARACTER_SET_RESULTS=@@CHARACTER_SET_RESULTS */;
/*!40101 SET @OLD_COLLATION_CONNECTION=@@COLLATION_CONNECTION */;
/*!40101 SET NAMES utf8 */;
/*!40103 SET @OLD_TIME_ZONE=@@TIME_ZONE */;
/*!40103 SET TIME_ZONE='+00:00' */;
/*!40014 SET @OLD_UNIQUE_CHECKS=@@UNIQUE_CHECKS, UNIQUE_CHECKS=0 */;
/*!40014 SET @OLD_FOREIGN_KEY_CHECKS=@@FOREIGN_KEY_CHECKS, FOREIGN_KEY_CHECKS=0 */;
/*!40101 SET @OLD_SQL_MODE=@@SQL_MODE, SQL_MODE='NO_AUTO_VALUE_ON_ZERO' */;
/*!40111 SET @OLD_SQL_NOTES=@@SQL_NOTES, SQL_NOTES=0 */;

--
-- Table structure for table `categories`
--

DROP TABLE IF EXISTS `categories`;
/*!40101 SET @saved_cs_client     = @@character_set_client */;
/*!40101 SET character_set_client = utf8 */;
CREATE TABLE `categories` (
  `table_id` int(11) NOT NULL,
  `category_id` int(11) NOT NULL AUTO_INCREMENT,
  `tree_id` int(11) NOT NULL,
  `attribute_name` varchar(400) NOT NULL,
  `parent_id` int(11) DEFAULT NULL,
  PRIMARY KEY (`category_id`,`table_id`),
  KEY `cat_table_fk` (`table_id`),
  CONSTRAINT `cat_table_fk` FOREIGN KEY (`table_id`) REFERENCES `table_list` (`table_id`) ON DELETE CASCADE ON UPDATE CASCADE
) ENGINE=InnoDB AUTO_INCREMENT=28 DEFAULT CHARSET=utf8;
/*!40101 SET character_set_client = @saved_cs_client */;

--
-- Dumping data for table `categories`
--

LOCK TABLES `categories` WRITE;
/*!40000 ALTER TABLE `categories` DISABLE KEYS */;
INSERT INTO `categories` VALUES (1,1,1,'Year',NULL),(2,1,1,'VH',NULL),(1,2,2,'Term',NULL),(2,2,2,'Cycle Name',NULL),(1,3,3,'Mark',NULL),(2,3,1,'KI (1/km)',1),(1,4,1,'1991',1),(2,4,1,'Distance (mi)',1),(1,5,1,'1992',1),(2,5,1,'Percent Fuel Savings',1),(1,6,2,'Winter',2),(2,6,2,'2012_2',2),(1,7,2,'Spring',2),(2,7,2,'2145_1',2),(1,8,2,'Fall',2),(2,8,2,'4234_1',2),(1,9,3,'Assignments',3),(2,9,2,'2032_2',2),(1,10,3,'Ass1',9),(2,10,2,'4171_1',2),(1,11,3,'Ass2',9),(2,11,1,'Improved Speed',5),(1,12,3,'Ass3',9),(2,12,1,'Decreased Accel',5),(1,13,3,'Examinations',3),(2,13,1,'Eliminate Stops',5),(1,14,3,'Midterm',13),(2,14,1,'Decreased Idle',5),(1,15,3,'Final',13),(1,16,3,'Grade',3),(3,17,1,'Category',NULL),(3,18,1,'Header Category',17),(3,19,2,'test',NULL),(3,20,2,'access',19),(3,22,1,'test(1)',17),(3,23,2,'access 2',19),(3,26,3,'Test(2)',NULL),(3,27,3,'Test Category',26);
/*!40000 ALTER TABLE `categories` ENABLE KEYS */;
UNLOCK TABLES;

--
-- Table structure for table `data_access_path`
--

DROP TABLE IF EXISTS `data_access_path`;
/*!40101 SET @saved_cs_client     = @@character_set_client */;
/*!40101 SET character_set_client = utf8 */;
CREATE TABLE `data_access_path` (
  `id` int(11) NOT NULL AUTO_INCREMENT,
  `table_id` int(11) NOT NULL,
  `entry_id` int(11) NOT NULL,
  `category_id` int(11) NOT NULL,
  `tree_id` int(11) NOT NULL,
  PRIMARY KEY (`id`),
  KEY `table_id_fk` (`table_id`),
  KEY `entry_id_fk` (`entry_id`),
  KEY `category_id_fk` (`category_id`),
  CONSTRAINT `category_id_fk` FOREIGN KEY (`category_id`) REFERENCES `categories` (`category_id`) ON DELETE CASCADE ON UPDATE CASCADE,
  CONSTRAINT `entry_id_fk` FOREIGN KEY (`entry_id`) REFERENCES `table_data` (`entry_id`) ON DELETE CASCADE ON UPDATE CASCADE,
  CONSTRAINT `table_id_fk` FOREIGN KEY (`table_id`) REFERENCES `table_list` (`table_id`) ON DELETE CASCADE ON UPDATE CASCADE
) ENGINE=InnoDB AUTO_INCREMENT=423 DEFAULT CHARSET=utf8;
/*!40101 SET character_set_client = @saved_cs_client */;

--
-- Dumping data for table `data_access_path`
--

LOCK TABLES `data_access_path` WRITE;
/*!40000 ALTER TABLE `data_access_path` DISABLE KEYS */;
INSERT INTO `data_access_path` VALUES (1,1,1,1,1),(2,1,1,4,1),(3,1,1,2,2),(4,1,1,6,2),(5,1,1,3,3),(6,1,1,9,3),(7,1,1,10,3),(8,1,2,1,1),(9,1,2,4,1),(10,1,2,2,2),(11,1,2,6,2),(12,1,2,3,3),(13,1,2,9,3),(14,1,2,11,3),(15,1,3,1,1),(16,1,3,4,1),(17,1,3,2,2),(18,1,3,6,2),(19,1,3,3,3),(20,1,3,9,3),(21,1,3,12,3),(22,1,4,1,1),(23,1,4,4,1),(24,1,4,2,2),(25,1,4,6,2),(26,1,4,3,3),(27,1,4,13,3),(28,1,4,14,3),(29,1,5,1,1),(30,1,5,4,1),(31,1,5,2,2),(32,1,5,6,2),(33,1,5,3,3),(34,1,5,13,3),(35,1,5,15,3),(36,1,6,1,1),(37,1,6,4,1),(38,1,6,2,2),(39,1,6,6,2),(40,1,6,3,3),(41,1,6,16,3),(42,1,7,1,1),(43,1,7,4,1),(44,1,7,2,2),(45,1,7,7,2),(46,1,7,3,3),(47,1,7,9,3),(48,1,7,10,3),(49,1,8,1,1),(50,1,8,4,1),(51,1,8,2,2),(52,1,8,7,2),(53,1,8,3,3),(54,1,8,9,3),(55,1,8,11,3),(56,1,9,1,1),(57,1,9,4,1),(58,1,9,2,2),(59,1,9,7,2),(60,1,9,3,3),(61,1,9,9,3),(62,1,9,12,3),(63,1,10,1,1),(64,1,10,4,1),(65,1,10,2,2),(66,1,10,7,2),(67,1,10,3,3),(68,1,10,13,3),(69,1,10,14,3),(70,1,11,1,1),(71,1,11,4,1),(72,1,11,2,2),(73,1,11,7,2),(74,1,11,3,3),(75,1,11,13,3),(76,1,11,15,3),(77,1,12,1,1),(78,1,12,4,1),(79,1,12,2,2),(80,1,12,7,2),(81,1,12,3,3),(82,1,12,16,3),(83,1,13,1,1),(84,1,13,4,1),(85,1,13,2,2),(86,1,13,8,2),(87,1,13,3,3),(88,1,13,9,3),(89,1,13,10,3),(90,1,14,1,1),(91,1,14,4,1),(92,1,14,2,2),(93,1,14,8,2),(94,1,14,3,3),(95,1,14,9,3),(96,1,14,11,3),(97,1,15,1,1),(98,1,15,4,1),(99,1,15,2,2),(100,1,15,8,2),(101,1,15,3,3),(102,1,15,9,3),(103,1,15,12,3),(104,1,16,1,1),(105,1,16,4,1),(106,1,16,2,2),(107,1,16,8,2),(108,1,16,3,3),(109,1,16,13,3),(110,1,16,14,3),(111,1,17,1,1),(112,1,17,4,1),(113,1,17,2,2),(114,1,17,8,2),(115,1,17,3,3),(116,1,17,13,3),(117,1,17,15,3),(118,1,18,1,1),(119,1,18,4,1),(120,1,18,2,2),(121,1,18,8,2),(122,1,18,3,3),(123,1,18,16,3),(124,1,19,1,1),(125,1,19,5,1),(126,1,19,2,2),(127,1,19,6,2),(128,1,19,3,3),(129,1,19,9,3),(130,1,19,10,3),(131,1,20,1,1),(132,1,20,5,1),(133,1,20,2,2),(134,1,20,6,2),(135,1,20,3,3),(136,1,20,9,3),(137,1,20,11,3),(138,1,21,1,1),(139,1,21,5,1),(140,1,21,2,2),(141,1,21,6,2),(142,1,21,3,3),(143,1,21,9,3),(144,1,21,12,3),(145,1,22,1,1),(146,1,22,5,1),(147,1,22,2,2),(148,1,22,6,2),(149,1,22,3,3),(150,1,22,13,3),(151,1,22,14,3),(152,1,23,1,1),(153,1,23,5,1),(154,1,23,2,2),(155,1,23,6,2),(156,1,23,3,3),(157,1,23,13,3),(158,1,23,15,3),(159,1,24,1,1),(160,1,24,5,1),(161,1,24,2,2),(162,1,24,6,2),(163,1,24,3,3),(164,1,24,16,3),(165,1,25,1,1),(166,1,25,5,1),(167,1,25,2,2),(168,1,25,2,2),(169,1,25,7,2),(170,1,25,3,3),(171,1,25,9,3),(172,1,25,10,3),(173,1,26,1,1),(174,1,26,5,1),(175,1,26,2,2),(176,1,26,7,2),(177,1,26,3,3),(178,1,26,9,3),(179,1,26,11,3),(180,1,27,1,1),(181,1,27,5,1),(182,1,27,2,2),(183,1,27,7,2),(184,1,27,3,3),(185,1,27,9,3),(186,1,27,12,3),(187,1,28,1,1),(188,1,28,5,1),(189,1,28,2,2),(190,1,28,7,2),(191,1,28,3,3),(192,1,28,13,3),(193,1,28,14,3),(194,1,29,1,1),(195,1,29,5,1),(196,1,29,2,2),(197,1,29,7,2),(198,1,29,3,3),(199,1,29,13,3),(200,1,29,15,3),(201,1,30,1,1),(202,1,30,5,1),(203,1,30,2,2),(204,1,30,7,2),(205,1,30,3,3),(206,1,30,16,3),(207,1,31,1,1),(208,1,31,5,1),(209,1,31,2,2),(210,1,31,8,2),(211,1,31,3,3),(212,1,31,9,3),(213,1,31,10,3),(214,1,32,1,1),(215,1,32,5,1),(216,1,32,2,2),(217,1,32,8,2),(218,1,32,3,3),(219,1,32,9,3),(220,1,32,11,3),(221,1,33,1,1),(222,1,33,5,1),(223,1,33,2,2),(224,1,33,8,2),(225,1,33,3,3),(226,1,33,9,3),(227,1,33,12,3),(228,1,34,1,1),(229,1,34,5,1),(230,1,34,2,2),(231,1,34,8,2),(232,1,34,3,3),(233,1,34,13,3),(234,1,34,14,3),(235,1,35,1,1),(236,1,35,5,1),(237,1,35,2,2),(238,1,35,8,2),(239,1,35,3,3),(240,1,35,13,3),(241,1,35,15,3),(242,1,36,1,1),(243,1,36,5,1),(244,1,36,2,2),(245,1,36,8,2),(246,1,36,3,3),(247,1,36,16,3),(248,2,37,2,2),(249,2,37,6,2),(250,2,37,1,1),(251,2,37,3,1),(252,2,38,2,2),(253,2,38,6,2),(254,2,38,1,1),(255,2,38,4,1),(256,2,39,2,2),(257,2,39,6,2),(258,2,39,1,1),(259,2,39,5,1),(260,2,39,11,1),(261,2,40,2,2),(262,2,40,6,2),(263,2,40,1,1),(264,2,40,5,1),(265,2,40,12,1),(266,2,41,2,2),(267,2,41,6,2),(268,2,41,1,1),(269,2,41,5,1),(270,2,41,13,1),(271,2,42,2,2),(272,2,42,6,2),(273,2,42,1,1),(274,2,42,5,1),(275,2,42,14,1),(276,2,43,2,2),(277,2,43,7,2),(278,2,43,1,1),(279,2,43,3,1),(280,2,44,2,2),(281,2,44,7,2),(282,2,44,1,1),(283,2,44,4,1),(284,2,45,2,2),(285,2,45,7,2),(286,2,45,1,1),(287,2,45,5,1),(288,2,45,11,1),(289,2,46,2,2),(290,2,46,7,2),(291,2,46,1,1),(292,2,46,5,1),(293,2,46,12,1),(294,2,47,2,2),(295,2,47,7,2),(296,2,47,1,1),(297,2,47,5,1),(298,2,47,13,1),(299,2,48,2,2),(300,2,48,7,2),(301,2,48,1,1),(302,2,48,5,1),(303,2,48,14,1),(304,2,49,2,2),(305,2,49,8,2),(306,2,49,1,1),(307,2,49,3,1),(308,2,50,2,2),(309,2,50,8,2),(310,2,50,1,1),(311,2,50,4,1),(312,2,51,2,2),(313,2,51,8,2),(314,2,51,1,1),(315,2,51,5,1),(316,2,51,11,1),(317,2,52,2,2),(318,2,52,8,2),(319,2,52,1,1),(320,2,52,5,1),(321,2,52,12,1),(322,2,53,2,2),(323,2,53,8,2),(324,2,53,1,1),(325,2,53,5,1),(326,2,53,13,1),(327,2,54,2,2),(328,2,54,8,2),(329,2,54,1,1),(330,2,54,5,1),(331,2,54,14,1),(332,2,55,2,2),(333,2,55,9,2),(334,2,55,1,1),(335,2,55,3,1),(336,2,56,2,2),(337,2,56,9,2),(338,2,56,1,1),(339,2,56,4,1),(340,2,57,2,2),(341,2,57,9,2),(342,2,57,1,1),(343,2,57,5,1),(344,2,57,11,1),(345,2,58,2,2),(346,2,58,9,2),(347,2,58,1,1),(348,2,58,5,1),(349,2,58,12,1),(350,2,59,2,2),(351,2,59,9,2),(352,2,59,1,1),(353,2,59,5,1),(354,2,59,13,1),(355,2,60,2,2),(356,2,60,9,2),(357,2,60,1,1),(358,2,60,5,1),(359,2,60,14,1),(360,2,61,2,2),(361,2,61,10,2),(362,2,61,1,1),(363,2,61,3,1),(364,2,62,2,2),(365,2,62,10,2),(366,2,62,1,1),(367,2,62,4,1),(368,2,63,2,2),(369,2,63,10,2),(370,2,63,1,1),(371,2,63,5,1),(372,2,63,11,1),(373,2,64,2,2),(374,2,64,10,2),(375,2,64,1,1),(376,2,64,5,1),(377,2,64,12,1),(378,2,65,2,2),(379,2,65,10,2),(380,2,65,1,1),(381,2,65,5,1),(382,2,65,13,1),(383,2,66,2,2),(384,2,66,10,2),(385,2,66,1,1),(386,2,66,5,1),(387,2,66,14,1),(388,3,67,17,1),(389,3,67,18,1),(390,3,67,19,2),(391,3,67,20,2),(393,3,68,17,1),(394,3,68,22,1),(395,3,68,19,2),(396,3,68,20,2),(398,3,69,19,2),(399,3,69,23,2),(400,3,69,17,1),(401,3,69,18,1),(402,3,70,19,2),(403,3,70,23,2),(404,3,70,17,1),(405,3,70,22,1),(415,3,67,26,3),(416,3,68,26,3),(417,3,69,26,3),(418,3,70,26,3),(419,3,67,27,3),(420,3,68,27,3),(421,3,69,27,3),(422,3,70,27,3);
/*!40000 ALTER TABLE `data_access_path` ENABLE KEYS */;
UNLOCK TABLES;

--
-- Table structure for table `table_data`
--

DROP TABLE IF EXISTS `table_data`;
/*!40101 SET @saved_cs_client     = @@character_set_client */;
/*!40101 SET character_set_client = utf8 */;
CREATE TABLE `table_data` (
  `table_id` int(11) NOT NULL,
  `entry_id` int(11) NOT NULL AUTO_INCREMENT,
  `data` varchar(500) NOT NULL,
  `type` int(11) NOT NULL,
  PRIMARY KEY (`entry_id`),
  KEY `data_table_fk` (`table_id`),
  CONSTRAINT `data_table_fk` FOREIGN KEY (`table_id`) REFERENCES `table_list` (`table_id`) ON DELETE CASCADE ON UPDATE CASCADE
) ENGINE=InnoDB AUTO_INCREMENT=71 DEFAULT CHARSET=utf8;
/*!40101 SET character_set_client = @saved_cs_client */;

--
-- Dumping data for table `table_data`
--

LOCK TABLES `table_data` WRITE;
/*!40000 ALTER TABLE `table_data` DISABLE KEYS */;
INSERT INTO `table_data` VALUES (1,1,'85',1),(1,2,'80',1),(1,3,'75',1),(1,4,'60',1),(1,5,'75',1),(1,6,'75',1),(1,7,'80',1),(1,8,'65',1),(1,9,'75',1),(1,10,'60',1),(1,11,'70',1),(1,12,'70',1),(1,13,'80',1),(1,14,'85',1),(1,15,'75',1),(1,16,'55',1),(1,17,'80',1),(1,18,'75',1),(1,19,'85',1),(1,20,'80',1),(1,21,'70',1),(1,22,'70',1),(1,23,'75',1),(1,24,'75',1),(1,25,'80',1),(1,26,'80',1),(1,27,'70',1),(1,28,'70',1),(1,29,'75',1),(1,30,'75',1),(1,31,'75',1),(1,32,'70',1),(1,33,'65',1),(1,34,'60',1),(1,35,'80',1),(1,36,'70',1),(2,37,'3.30',6),(2,38,'1.3',6),(2,39,'5.9%',4),(2,40,'9.5%',4),(2,41,'29.2%',4),(2,42,'17.4%',4),(2,43,'0.68',6),(2,44,'11.2',6),(2,45,'2.4%',4),(2,46,'0.1%',4),(2,47,'9.5%',4),(2,48,'2.7%',4),(2,49,'0.59',6),(2,50,'58.7',6),(2,51,'8.5%',4),(2,52,'1.3%',4),(2,53,'8.5%',4),(2,54,'3.3%',4),(2,55,'0.17',6),(2,56,'57.8',6),(2,57,'21.7%',4),(2,58,'0.3%',4),(2,59,'2.7%',4),(2,60,'1.2%',4),(2,61,'0.07',6),(2,62,'173.9',6),(2,63,'58.1%',4),(2,64,'1.6%',4),(2,65,'2.1%',4),(2,66,'0.5%',4),(3,67,'0',1),(3,68,'0',1),(3,69,'0',1),(3,70,'0',1);
/*!40000 ALTER TABLE `table_data` ENABLE KEYS */;
UNLOCK TABLES;

--
-- Table structure for table `table_list`
--

DROP TABLE IF EXISTS `table_list`;
/*!40101 SET @saved_cs_client     = @@character_set_client */;
/*!40101 SET character_set_client = utf8 */;
CREATE TABLE `table_list` (
  `table_id` int(11) NOT NULL AUTO_INCREMENT,
  `user_id` int(11) NOT NULL,
  `table_name` varchar(500) NOT NULL,
  `tags` text,
  `public` tinyint(1) NOT NULL,
  PRIMARY KEY (`table_id`)
) ENGINE=InnoDB AUTO_INCREMENT=4 DEFAULT CHARSET=utf8;
/*!40101 SET character_set_client = @saved_cs_client */;

--
-- Dumping data for table `table_list`
--

LOCK TABLES `table_list` WRITE;
/*!40000 ALTER TABLE `table_list` DISABLE KEYS */;
INSERT INTO `table_list` VALUES (1,1,'Uni Marks','Uni, Marks',1),(2,1,'Quantifying Fuel-Saving Opportunities from Specific Driving','FuelSaving, Driving',1),(3,1,'2x2','2D, 1 Level',0);
/*!40000 ALTER TABLE `table_list` ENABLE KEYS */;
UNLOCK TABLES;
/*!40103 SET TIME_ZONE=@OLD_TIME_ZONE */;

/*!40101 SET SQL_MODE=@OLD_SQL_MODE */;
/*!40014 SET FOREIGN_KEY_CHECKS=@OLD_FOREIGN_KEY_CHECKS */;
/*!40014 SET UNIQUE_CHECKS=@OLD_UNIQUE_CHECKS */;
/*!40101 SET CHARACTER_SET_CLIENT=@OLD_CHARACTER_SET_CLIENT */;
/*!40101 SET CHARACTER_SET_RESULTS=@OLD_CHARACTER_SET_RESULTS */;
/*!40101 SET COLLATION_CONNECTION=@OLD_COLLATION_CONNECTION */;
/*!40111 SET SQL_NOTES=@OLD_SQL_NOTES */;

-- Dump completed on 2018-06-14  2:12:05
